,epoch,train_loss,val_loss
0,1,0.0,0.0
1,1,0.0,9.66277527809143
2,2,0.0,0.0
3,2,0.0,9.062843799591064
4,3,0.0,0.0
5,3,0.0,3.522950291633606
